{
    "flanker": {
        "srm": {
            "all_r": [
                -0.1579497483241464,
                -0.2451044848910532,
                0.2273955002731196,
                0.36362434926571874,
                0.2191421548139309,
                0.021495121526687293,
                0.07257762196287679,
                -0.009700968496029864,
                -0.1258090699350491,
                0.1574301759241432
            ],
            "all_dice": [
                0.2702702702702703,
                0.25,
                0.5365853658536586,
                0.6190476190476191,
                0.5365853658536586,
                0.42857142857142855,
                0.46511627906976744,
                0.4444444444444444,
                0.391304347826087,
                0.5531914893617021
            ],
            "avg_r": 0.05231006521201979,
            "avg_dice": 0.4495116610298636
        },
        "nosrm": {
            "all_r": [
                -0.008091072612702754,
                -0.006982029088332519,
                0.035912430832734654,
                0.08418726577820769,
                0.011845505412392831,
                0.006906498921969705,
                -0.010099645623251581,
                0.0033519977102438843,
                0.006978894274130497,
                0.010006870356464692
            ],
            "all_dice": [
                0.027266825362475655,
                0.009567126725219574,
                0.04372481719146396,
                0.14154466243850394,
                0.019836136265631736,
                0.02222970697204446,
                0.018328673501087293,
                0.011840688912809472,
                0.01576872536136662,
                0.029111594445373933
            ],
            "avg_r": 0.01340167159618571,
            "avg_dice": 0.03392189571759766
        }
    },
    "spatialTS": {
        "srm": {
            "all_r": [
                0.09957701524783144,
                -0.0721074938001538,
                -6.938893903907228e-18,
                0.17459497553883238,
                0.15110356536502548,
                0.12361284651454937,
                0.3021505467889047,
                0.20602141085758233,
                0.05312537086398324,
                0.0
            ],
            "all_dice": [
                0.43243243243243246,
                0.32432432432432434,
                0.4186046511627907,
                0.5,
                0.47368421052631576,
                0.5,
                0.5853658536585366,
                0.5454545454545454,
                0.43902439024390244,
                0.46808510638297873
            ],
            "avg_r": 0.10380782373765551,
            "avg_dice": 0.46869755141858266
        },
        "nosrm": {
            "all_r": [
                -0.01721239363639816,
                0.012680648108474125,
                0.016730378911718007,
                0.014271479486519202,
                0.08615962283138653,
                0.1070994324071173,
                0.1338420664333033,
                0.0723383093860405,
                0.013239398600865097,
                0.23754117310168413
            ],
            "all_dice": [
                0.012218649517684888,
                0.028541953232462173,
                0.02966304422117422,
                0.02922841083290751,
                0.1431770120661774,
                0.22472180934399227,
                0.22387389634359256,
                0.13213640593354864,
                0.07732995604559338,
                0.3175645291842792
            ],
            "avg_r": 0.06766901156307101,
            "avg_dice": 0.12184556667214122
        }
    },
    "cuedTS": {
        "srm": {
            "all_r": [
                0.18831168831168832,
                0.3069437868782463,
                -0.14803913136594807,
                0.09065508345285526,
                0.22530980100637224,
                -0.148039131365948,
                0.3424747597107866,
                0.049629166698546515,
                0.0371452078466841,
                -0.017010345435994313
            ],
            "all_dice": [
                0.5454545454545454,
                0.6046511627906976,
                0.3333333333333333,
                0.45,
                0.5581395348837209,
                0.3333333333333333,
                0.6,
                0.43902439024390244,
                0.41025641025641024,
                0.3684210526315789
            ],
            "avg_r": 0.09273808857372888,
            "avg_dice": 0.46426137629275227
        },
        "nosrm": {
            "all_r": [
                0.010233190934316537,
                -0.010354021090732104,
                -0.0016713379256875305,
                0.0031457527090190313,
                0.01936850671192086,
                0.012957042493143686,
                0.0064263352976098335,
                -0.0173626687856362,
                -0.02281951267248962,
                0.010845934914335014
            ],
            "all_dice": [
                0.010493523528447287,
                0.0037941064879220944,
                0.0024630541871921183,
                0.007712082262210797,
                0.10560901196902135,
                0.016817388545137237,
                0.046262931535510865,
                0.00499438132101386,
                0.036139316519270666,
                0.016887816646562123
            ],
            "avg_r": 0.0010769222585799505,
            "avg_dice": 0.02511736130022884
        }
    },
    "directedForgetting": {
        "srm": {
            "all_r": [
                0.0401286176952564,
                0.35218929886033795,
                0.3136646480382985,
                0.2753623188405797,
                0.2060214108575823,
                0.08058229640253804,
                0.20064308847628198,
                0.05312537086398324,
                0.5175363875271634,
                0.15198183977113433
            ],
            "all_dice": [
                0.5,
                0.6190476190476191,
                0.6222222222222222,
                0.6086956521739131,
                0.5454545454545454,
                0.5106382978723404,
                0.5833333333333334,
                0.43902439024390244,
                0.7142857142857143,
                0.5333333333333333
            ],
            "avg_r": 0.21912352773331562,
            "avg_dice": 0.5676035107966924
        },
        "nosrm": {
            "all_r": [
                0.0067516392692685626,
                0.1467406342744028,
                0.17340117415512613,
                0.23000764895049847,
                -0.00818673065802291,
                0.018138720056621576,
                0.06644606556580784,
                0.18071854718698227,
                0.11542314498700429,
                0.21883130084078445
            ],
            "all_dice": [
                0.030942703553166383,
                0.20898632877625875,
                0.22182596291012838,
                0.28396044105945206,
                0.025719155089603884,
                0.039471686655533626,
                0.06787504820671038,
                0.21610317183687697,
                0.24445959768155473,
                0.25939350006040834
            ],
            "avg_r": 0.11482721446284735,
            "avg_dice": 0.15987375958296934
        }
    },
    "stopSignal": {
        "srm": {
            "all_r": [
                0.39317854974639244,
                0.6779388083735909,
                0.20064308847628198,
                0.4851419707050126,
                0.3931785497463924,
                0.32659863237109044,
                0.4576043153224294,
                0.20064308847628198,
                0.4851419707050127,
                0.4003203845127179
            ],