{
    "flanker": {
        "srm": {
            "r": [
                -0.5130722520499412,
                -0.5935039014505005,
                -0.5114610332284127,
                0.5286958174544687,
                0.5208253041000781,
                0.4137654345600149,
                -0.4466012849760078,
                0.5089828273465862,
                -0.5044261614730313,
                -0.44851461902721745
            ],
            "dice": [
                0.07362609640449916,
                0.032006234642165766,
                0.057433434431000394,
                0.6406741346261492,
                0.33973596638588505,
                0.2660485305637087,
                0.060133338508184676,
                0.35452603990772225,
                0.0305092739389295,
                0.04911863332927854
            ]
        },
        "no_srm": {
            "r": [
                -0.056559901555692085,
                -0.02968802890100114,
                0.08678747011177258,
                0.10757962602567281,
                0.09183972934203712,
                0.007704243029430608,
                -0.01352453550806786,
                0.03584591982705575,
                0.06163329598668523,
                0.08382209213692207
            ],
            "dice": [
                0.027266825362475655,
                0.009567126725219574,
                0.04372481719146396,
                0.14154466243850394,
                0.019836136265631736,
                0.02222970697204446,
                0.018328673501087293,
                0.011840688912809472,
                0.01576872536136662,
                0.029111594445373933
            ]
        }
    },
    "spatialTS": {
        "srm": {
            "r": [
                -0.4215175422846536,
                0.48256534697503073,
                -0.5744052213467647,
                0.07225983144115998,
                -0.26098291141817176,
                0.41906950815764266,
                0.0010184904323347677,
                -0.4168965547221922,
                0.039691707725732224,
                0.018861501729210528
            ],
            "dice": [
                0.04408290109897213,
                0.29472777480385637,
                0.030505023295838214,
                0.09964930865759372,
                0.11889946101182022,
                0.6516193228403167,
                0.36847754427866336,
                0.11053595886144707,
                0.14853413907919139,
                0.38057097460989187
            ]
        },
        "no_srm": {
            "r": [
                -0.08326427478237458,
                0.03890462087966037,
                0.22244523103175692,
                0.2198150581185379,
                0.15854540398684697,
                0.11102331968487904,
                0.11513225563105225,
                0.073781042845389,
                0.02276942382012145,
                0.4275838080882365
            ],
            "dice": [
                0.012218649517684888,
                0.028541953232462176,
                0.029663044221174224,
                0.02922841083290751,
                0.1431770120661774,
                0.22472180934399227,
                0.22387389634359253,
                0.13213640593354864,
                0.07732995604559338,
                0.3175645291842792
            ]
        }
    },
    "cuedTS": {
        "srm": {
            "r": [
                -0.6373318984162285,
                -0.6428516792932123,
                0.6136597457588767,
                0.1397457689504013,
                0.6508128545483537,
                -0.6146947763312428,
                -0.10917924679007392,
                -0.6273025073717309,
                -0.1527339124585998,
                0.15036763921960986
            ],
            "dice": [
                0.016487038116631395,
                0.01831601322913568,
                0.4938833638028283,
                0.11245716831902053,
                0.6709762363115945,
                0.0223705095242102,
                0.2597250932282352,
                0.022142436368062873,
                0.2777458729926547,
                0.11641465539633122
            ]
        },
        "no_srm": {
            "r": [
                0.07348203638574767,
                -0.09889303190574772,
                0.028618188586787628,
                0.08061874245899517,
                0.0638497331843848,
                0.16983409392729973,
                0.18499821309169195,
                -0.03867808801181539,
                0.03128325985773288,
                0.07278367936601074
            ],
            "dice": [
                0.010493523528447287,
                0.0037941064879220944,
                0.0024630541871921183,
                0.007712082262210797,
                0.10560901196902135,
                0.016817388545137237,
                0.046262931535510865,
                0.00499438132101386,
                0.036139316519270666,
                0.016887816646562123
            ]
        }
    },
    "directedForgetting": {
        "srm": {
            "r": [
                -0.32788428072752496,
                0.4481532628253973,
                -0.31360742440142675,
                0.20184282508328716,
                -0.4974847408717752,
                0.44168888712312837,
                -0.10522455674725914,
                -0.5446284019614321,
                0.16721072385854846,
                -0.024385163633951004
            ],
            "dice": [
                0.06832200030293285,
                0.6354941921829645,
                0.0757860093331314,
                0.5033205861456159,
                0.07449128524161522,
                0.2976369500100867,
                0.09261362684226146,
                0.06919063812823167,
                0.5437937877243584,
                0.10814669260970407
            ]
        },
        "no_srm": {
            "r": [
                -0.053089398372198074,
                0.15204916854769818,
                0.23960934572807774,
                0.257362603283093,
                -0.03663181482577699,
                0.04642848448535716,
                0.07407917263702832,
                0.2250583938207021,
                0.20037191793262205,
                0.3048287808660867
            ],
            "dice": [
                0.030942703553166383,
                0.20898632877625872,
                0.22182596291012838,
                0.28396044105945206,
                0.025719155089603884,
                0.039471686655533626,
                0.06787504820671038,
                0.21610317183687697,
                0.24445959768155473,
                0.25939350006040834
            ]
        }
    },
    "stopSignal": {
        "srm": {
            "r": [
                -0.1461019670084092,
                0.574214451283303,
                0.5525878639431059,
                0.560414546100926,
                -0.15857562057990035,
                -0.07574818476058356,
                -0.11781406563892342,
                0.5491140971406685,
                0.5613176579604744,
                0.5435012720376106
            ],
            "dice": [
                0.3608434556025631,
                0.7725327385161561,
                0.7862739307442353,
                0.7808868421748323,
                0.3422401471524896,
                0.35459260665328907,
                0.3458259994637864,
                0.7474169173633627,
                0.7437145663022723,
                0.758865318574255
            ]
        },