{
    "flanker": {
        "srm": {
            "all_r": [
                -0.6997830567296024,
                -0.9420388721965722,
                -0.833763062062106,
                0.8470365790584267,
                0.7411210388688146,
                0.6719248764153302,
                -0.5539549205643483,
                0.8073503070711023,
                -0.822594689187956,
                -0.7587667647072066
            ],
            "all_dice": [
                0.12681238275865642,
                0.024604378929113376,
                0.06262155634871444,
                0.9618368052908998,
                0.450733615911314,
                0.43367561400348287,
                0.12946428571428573,
                0.5326786864133934,
                0.035121863919555275,
                0.05897201309509375
            ],
            "avg_r": -0.15434685640341178,
            "avg_dice": 0.2816521202384509
        },
        "nosrm": {
            "all_r": [
                -0.05655990155569207,
                -0.02968802890100114,
                0.08678747011177258,
                0.1075796260256728,
                0.0918397293420371,
                0.007704243029430621,
                -0.01352453550806786,
                0.03584591982705576,
                0.06163329598668524,
                0.08382209213692207
            ],
            "all_dice": [
                0.027266825362475655,
                0.009567126725219574,
                0.04372481719146396,
                0.14154466243850394,
                0.019836136265631736,
                0.02222970697204446,
                0.018328673501087293,
                0.011840688912809472,
                0.01576872536136662,
                0.029111594445373933
            ],
            "avg_r": 0.03754399104948151,
            "avg_dice": 0.03392189571759766
        }
    },
    "spatialTS": {
        "srm": {
            "all_r": [
                -0.7025107366423862,
                0.7789337493788964,
                -0.8296493427972388,
                0.10433898381829348,
                -0.39717135547380716,
                0.6874549967730038,
                -0.08276113895532722,
                -0.6358845129986301,
                0.17773013092427023,
                0.05220290914992401
            ],
            "all_dice": [
                0.038855046216807396,
                0.5044765075841657,
                0.03333853667239034,
                0.12743323400818737,
                0.11256201174659292,
                0.9286934869641637,
                0.45425558008339467,
                0.09519477565872836,
                0.19351659751037345,
                0.4809162301383236
            ],
            "avg_r": -0.08473163168230016,
            "avg_dice": 0.2969242006583127
        },
        "nosrm": {
            "all_r": [
                -0.0832642747823746,
                0.03890462087966037,
                0.22244523103175695,
                0.21981505811853794,
                0.15854540398684697,
                0.11102331968487902,
                0.1151322556310523,
                0.07378104284538901,
                0.02276942382012146,
                0.4275838080882366
            ],
            "all_dice": [
                0.012218649517684888,
                0.028541953232462173,
                0.02966304422117422,
                0.02922841083290751,
                0.1431770120661774,
                0.22472180934399227,
                0.22387389634359256,
                0.13213640593354864,
                0.07732995604559338,
                0.3175645291842792
            ],
            "avg_r": 0.13067358893041062,
            "avg_dice": 0.12184556667214122
        }
    },
    "cuedTS": {
        "srm": {
            "all_r": [
                -0.9009993540285199,
                -0.9211333484281122,
                0.9376854442182097,
                0.22347081527542553,
                0.9179868272206332,
                -0.9192174992680361,
                -0.024491152626802636,
                -0.9351167751583312,
                -0.21205058420559078,
                0.1285275935749392
            ],
            "all_dice": [
                0.027691257883093585,
                0.024782551684951266,
                0.7152652472031757,
                0.15801864582352387,
                0.9739222618957473,
                0.026937871930036057,
                0.43036957686127475,
                0.025091399721448467,
                0.41499152444598275,
                0.1378198170258955
            ],
            "avg_r": -0.17053380334261856,
            "avg_dice": 0.29348901544751294
        },
        "nosrm": {
            "all_r": [
                0.07348203638574767,
                -0.09889303190574768,
                0.02861818858678762,
                0.08061874245899515,
                0.06384973318438482,
                0.16983409392729976,
                0.18499821309169198,
                -0.03867808801181539,
                0.031283259857732865,
                0.07278367936601074
            ],
            "all_dice": [
                0.010493523528447287,
                0.0037941064879220944,
                0.0024630541871921183,
                0.007712082262210797,
                0.10560901196902135,
                0.016817388545137237,
                0.046262931535510865,
                0.00499438132101386,
                0.036139316519270666,
                0.016887816646562123
            ],
            "avg_r": 0.056789682694108744,
            "avg_dice": 0.02511736130022884
        }
    },
    "directedForgetting": {
        "srm": {
            "all_r": [
                -0.4421657741954621,
                0.6290580447748887,
                -0.30140009598223366,
                0.26886737383086534,
                -0.7297650194494418,
                0.6206513667731582,
                -0.017243753722791282,
                -0.7616641319589836,
                0.25902831560547723,
                -0.11384632549003215
            ],
            "all_dice": [
                0.08855438866226086,
                0.8915691410838689,
                0.10821098423056008,
                0.7119801611510336,
                0.09088781567134013,
                0.3839064386957351,
                0.13553101549955762,
                0.0898897858302129,
                0.7277247585475597,
                0.12231847175320967
            ],
            "avg_r": -0.058847999981455526,
            "avg_dice": 0.3350572961125339
        },
        "nosrm": {
            "all_r": [
                -0.053089398372198074,
                0.15204916854769826,
                0.23960934572807763,
                0.257362603283093,
                -0.03663181482577698,
                0.04642848448535717,
                0.0740791726370283,
                0.22505839382070209,
                0.20037191793262205,
                0.30482878086608667
            ],
            "all_dice": [
                0.030942703553166383,
                0.20898632877625875,
                0.22182596291012838,
                0.28396044105945206,
                0.025719155089603884,
                0.039471686655533626,
                0.06787504820671038,
                0.21610317183687697,
                0.24445959768155473,
                0.25939350006040834
            ],
            "avg_r": 0.14100666541026902,
            "avg_dice": 0.15987375958296934
        }
    },